-- MySQL Script originally generated by MySQL Workbench
-- Thu Apr  5 15:03:28 2018
-- Model: New Model    Version: 1.0
-- MySQL Workbench Forward Engineering
-- Edited by Ian Smith, Jackson Britt

SET @OLD_UNIQUE_CHECKS=@@UNIQUE_CHECKS, UNIQUE_CHECKS=0;
SET @OLD_FOREIGN_KEY_CHECKS=@@FOREIGN_KEY_CHECKS, FOREIGN_KEY_CHECKS=0;
SET @OLD_SQL_MODE=@@SQL_MODE, SQL_MODE='TRADITIONAL,ALLOW_INVALID_DATES';

-- -----------------------------------------------------
-- Schema SpotifyDB
-- -----------------------------------------------------

-- -----------------------------------------------------
-- Schema SpotifyDB
-- -----------------------------------------------------
CREATE SCHEMA IF NOT EXISTS `SpotifyDB` DEFAULT CHARACTER SET utf8 ;
USE `SpotifyDB` ;

-- -----------------------------------------------------
-- Table `SpotifyDB`.`Host`
-- -----------------------------------------------------
DROP TABLE IF EXISTS `SpotifyDB`.`Host` ;

CREATE TABLE IF NOT EXISTS `SpotifyDB`.`Host` (
  `spotifyID` VARCHAR(45) NOT NULL,
  `SessionID` VARCHAR(45) NOT NULL,
  `displayName` VARCHAR(45) NULL,
  `email` VARCHAR(45) NULL,
  `link` VARCHAR(45) NULL,
  `profileImage` VARCHAR(45) NULL,
  `country` VARCHAR(45) NULL,
  `spotifyURI` VARCHAR(45) NOT NULL,
  PRIMARY KEY (`spotifyID`))
ENGINE = InnoDB;


-- -----------------------------------------------------
-- Table `SpotifyDB`.`Guest`
-- -----------------------------------------------------
DROP TABLE IF EXISTS `SpotifyDB`.`Guest` ;

CREATE TABLE IF NOT EXISTS `SpotifyDB`.`Guest` (
  `GuestID` INT NOT NULL AUTO_INCREMENT,
  `SessionID` VARCHAR(45) NOT NULL,
  PRIMARY KEY (`GuestID`))
ENGINE = InnoDB;


-- -----------------------------------------------------
-- Table `SpotifyDB`.`Playlist`
-- -----------------------------------------------------
DROP TABLE IF EXISTS `SpotifyDB`.`Playlist` ;

CREATE TABLE IF NOT EXISTS `SpotifyDB`.`Playlist` (
  `playlistID` VARCHAR(45) NOT NULL,
  `spotifyID` VARCHAR(45) NOT NULL,
  `description` VARCHAR(280) NULL,
  `name` VARCHAR(200) NOT NULL,
  PRIMARY KEY (`playlistID`, `spotifyID`),
  INDEX `fk_playlistTable_HostTable_idx` (`spotifyID` ASC),
  CONSTRAINT `fk_playlistTable_HostTable`
    FOREIGN KEY (`spotifyID`)
    REFERENCES `SpotifyDB`.`Host` (`spotifyID`)
    ON DELETE NO ACTION
    ON UPDATE NO ACTION)
ENGINE = InnoDB;


-- -----------------------------------------------------
-- Table `SpotifyDB`.`Party`
-- -----------------------------------------------------
DROP TABLE IF EXISTS `SpotifyDB`.`Party` ;

CREATE TABLE IF NOT EXISTS `SpotifyDB`.`Party` (
  `partyID` INT NOT NULL AUTO_INCREMENT,
  `PlaylistID` VARCHAR(45) NOT NULL,
  `SpotifyID` VARCHAR(45) NOT NULL,
  `Danceability` DECIMAL(9,4) NULL,
  `Speechiness` DECIMAL(9,4) NULL,
  `Energy` DECIMAL(9,4) NULL,
  `Tempo` DECIMAL(9,4) NULL,
  `Valence` DECIMAL(9,4) NULL,
  `Acousticness` DECIMAL(9,4) NULL,
  PRIMARY KEY (`partyID`,`PlaylistID`),
  UNIQUE(`PlaylistID`,`SpotifyID`)
)
ENGINE = InnoDB;


-- -----------------------------------------------------
-- Table `SpotifyDB`.`vote`
-- -----------------------------------------------------
DROP TABLE IF EXISTS `SpotifyDB`.`Vote` ;

CREATE TABLE IF NOT EXISTS `SpotifyDB`.`Vote` (
  `GuestID` VARCHAR(45) NOT NULL,
  `PartyID` VARCHAR(45) NOT NULL,
  `Danceability` DECIMAL(9,4) NULL,
  `Speechiness` DECIMAL(9,4) NULL,
  `Energy` DECIMAL(9,4) NULL,
  `Tempo` DECIMAL(9,4) NULL,
  `Valence` DECIMAL(9,4) NULL,
  `Acousticness` DECIMAL(9,4) NULL,
  PRIMARY KEY (`GuestID`, `PartyID`),
  INDEX `fk_vote_party1_idx` (`PartyID` ASC)
)
ENGINE = InnoDB;

insert into Guest (SessionID, GuestID) values ('3B-99-B9-B7-95-BE', 1);
insert into Guest (SessionID, GuestID) values ('41-F7-FF-5D-5B-F6', 2);
insert into Guest (SessionID, GuestID) values ('31-6B-3E-06-63-13', 3);
insert into Guest (SessionID, GuestID) values ('7D-A2-7C-C5-98-32', 4);
insert into Guest (SessionID, GuestID) values ('B6-50-00-AB-7E-5D', 5);
insert into Guest (SessionID, GuestID) values ('2E-60-C8-71-1A-7E', 6);
insert into Guest (SessionID, GuestID) values ('DB-E9-3C-83-B0-94', 7);
insert into Guest (SessionID, GuestID) values ('68-0B-69-B1-AD-10', 8);
insert into Guest (SessionID, GuestID) values ('85-92-77-B7-00-D6', 9);
insert into Guest (SessionID, GuestID) values ('51-40-A7-02-76-B3', 10);

insert into Host (SpotifyID, SessionID, DisplayName, Email, SpotifyURI, Country) values ('18biJ8FuxcPVGR3SEDS4Zg1wVMm75bji9i', 0, 'Rhinoceros, square-lipped', 'bkorf0@dell.com', 761125510225552071, 'Venezuela');
insert into Host (SpotifyID, SessionID, DisplayName, Email, SpotifyURI, Country) values ('1A9wa7cXdFXTJYjGX46LX2wQ8mpLEa3KPR', 0, 'Crab-eating fox', 'lvigars1@google.fr', 21060296734424434, 'Russia');
insert into Host (SpotifyID, SessionID, DisplayName, Email, SpotifyURI, Country) values ('1MWz48u62Jirb7Kgh6ny6RwN7qb3DTdXDg', 0, 'Slender loris', 'efulkes2@stumbleupon.com', 407317039780069215, 'Comoros');
insert into Host (SpotifyID, SessionID, DisplayName, Email, SpotifyURI, Country) values ('1Ce1ba2QERmQ8oWRv6ZBKs5Qx26ugwJcM2', 0, 'Jaguarundi', 'vflaherty3@biglobe.ne.jp', 176875345780326820, 'Ukraine');
insert into Host (SpotifyID, SessionID, DisplayName, Email, SpotifyURI, Country) values ('1F1FJMHVSmXGSv8cu962HH3EiNyGEwhLoZ', 0, 'Curve-billed thrasher', 'eberger4@hc360.com', 703751777423137507, 'Portugal');
insert into Host (SpotifyID, SessionID, DisplayName, Email, SpotifyURI, Country) values ('193DyhGunp7qGUFTfcTeSrF3hsCZgTwzC4', 0, 'Goose, greylag', 'mserraillier5@vk.com', 376569889945667126, 'Nigeria');
insert into Host (SpotifyID, SessionID, DisplayName, Email, SpotifyURI, Country) values ('134eiqe8B2Leo2xkjFZvYSpQzJ8soYvKNJ', 0, 'White-eye, cape', 'wlalevee6@tiny.cc', 26850010753764078, 'Vietnam');
insert into Host (SpotifyID, SessionID, DisplayName, Email, SpotifyURI, Country) values ('1NgQi6iDuFWZsxYaDnL1RJm3Bri3zBZZ6Q', 0, 'Bare-faced go away bird', 'hdomegan7@mail.ru', 739839724871942780, 'China');
insert into Host (SpotifyID, SessionID, DisplayName, Email, SpotifyURI, Country) values ('1KWRUQMX3dUJH6C131Mf9R2U6WxRg19SessionID, Div', 0, 'Black-tailed deer', 'gmcsperrin8@pen.io', 149666605435300454, 'United States');
insert into Host (SpotifyID, SessionID, DisplayName, Email, SpotifyURI, Country) values ('15ARKzsux6DgGU4EMoRRa9HXcetJsZ4N7j', 0, 'White-fronted capuchin', 'aedwinson9@joomla.org', 10886187281634585, 'Peru');

insert into Party (SpotifyID, PartyID, PlaylistID, Valence, Danceability, Speechiness, Energy, Tempo) values (1, 1, 35321656969970590897, 905, 31, 936, 376, 837);
insert into Party (SpotifyID, PartyID, PlaylistID, Valence, Danceability, Speechiness, Energy, Tempo) values (2, 2, 48216163574858999731, 155, 211, 677, 72, 231);
insert into Party (SpotifyID, PartyID, PlaylistID, Valence, Danceability, Speechiness, Energy, Tempo) values (3, 3, 81563268225496720935, 488, 933, 953, 157, 676);
insert into Party (SpotifyID, PartyID, PlaylistID, Valence, Danceability, Speechiness, Energy, Tempo) values (4, 4, 98448922825738836122, 665, 209, 417, 89, 142);
insert into Party (SpotifyID, PartyID, PlaylistID, Valence, Danceability, Speechiness, Energy, Tempo) values (5, 5, 94410664005996472421, 561, 515, 203, 707, 613);
insert into Party (SpotifyID, PartyID, PlaylistID, Valence, Danceability, Speechiness, Energy, Tempo) values (6, 6, 95434607644069838569, 30, 196, 912, 606, 86);
insert into Party (SpotifyID, PartyID, PlaylistID, Valence, Danceability, Speechiness, Energy, Tempo) values (7, 7, 63487497476084988263, 118, 964, 313, 488, 376);
insert into Party (SpotifyID, PartyID, PlaylistID, Valence, Danceability, Speechiness, Energy, Tempo) values (8, 8, 31543006647949658144, 148, 38, 995, 37, 289);
insert into Party (SpotifyID, PartyID, PlaylistID, Valence, Danceability, Speechiness, Energy, Tempo) values (9, 9, 61291086277901364495, 12, 69, 412, 402, 862);
insert into Party (SpotifyID, PartyID, PlaylistID, Valence, Danceability, Speechiness, Energy, Tempo) values (10, 10, 69234406551788952182, 216, 414, 518, 419, 247);

insert into Playlist (PlaylistID, SpotifyID, Description, Name) values ('14JAY4XFZSGj13v5e7QZdkHD4YNgXreoA7', '1Aa1gUZbpvp3CLqqs6tjfUMzrMqg7idXuQ', 'purus phasellus in felis donec semper sapien a libero nam dui proin leo odio porttitor id consequat', 'Ipomoea littoralis Blume');
insert into Playlist (PlaylistID, SpotifyID, Description, Name) values ('1FXNk7oqB2MtbJZeycufKEs19HpZkFRAuF', '15wge9rsoLaQeFLMYoF2VSXeZjdwaKZEXj', 'ultrices phasellus id sapien in sapien iaculis congue vivamus metus arcu adipiscing molestie hendrerit at', 'Dichanthelium dichotomum (L.)');
insert into Playlist (PlaylistID, SpotifyID, Description, Name) values ('1GECkLFHkBHcnDxyVt69UCWCehjYBKSEe5', '187BP5PyGFN83W7qS6ZtQPdRGQUZ7fxE2f', 'sit amet sem fusce consequat nulla nisl nunc nisl duis bibendum felis sed interdum venenatis turpis enim blandit mi', 'Porpidia contrapoenda (Arnold) Knoph & Hertel');
insert into Playlist (PlaylistID, SpotifyID, Description, Name) values ('1efb74bpXcKy6oUmcC71NozYVq4bMnFfw', '1HtcTbW9xuq9Wox7wRTEtbHRAX3AYJcunK', 'odio consequat varius integer ac leo pellentesque ultrices mattis odio donec vitae nisi nam ultrices libero non mattis pulvinar nulla', 'Sphagnum pulchrum (Lindb. ex Braithw.) Warnst.');
insert into Playlist (PlaylistID, SpotifyID, Description, Name) values ('153oDStK8CVhkz2GNMkBVWUftkUqDXTSRk', '1C8qw2vuowaKBoW2mYfTumyb8ViVJw5U5N', 'at feugiat non pretium quis lectus suspendisse potenti in eleifend quam a odio in hac habitasse platea', 'Rhus michauxii Sarg.');
insert into Playlist (PlaylistID, SpotifyID, Description, Name) values ('1CY8SbyRVdkHiKa4Qigrnzh3RLMudmUit5', '1LMUpTDS2pircQ7ikYqkGkha1sujr1ZnRz', 'semper interdum mauris ullamcorper purus sit amet nulla quisque arcu libero rutrum ac lobortis vel', 'Crataegus vulsa Beadle');
insert into Playlist (PlaylistID, SpotifyID, Description, Name) values ('1FBR1nwpUvTMpZKoHAKo2WvbtaBMegthXp', '1EsY6k9hBP7snwV1RJ4c6ir4i3BszeockS', 'quam a odio in hac habitasse platea dictumst maecenas ut massa quis augue luctus tincidunt nulla mollis molestie lorem quisque', 'Phlox bifida Beck ssp. bifida');
insert into Playlist (PlaylistID, SpotifyID, Description, Name) values ('1DF9ckqpFbQGPjWu48xw5M8WshqM8CiFna', '18kWgiTcJFYC3GcWn1V3WM9cgvKXUif9Vj', 'quisque arcu libero rutrum ac lobortis vel dapibus at diam nam tristique tortor eu pede', 'Fragaria vesca L. ssp. californica (Cham. & Schltdl.) Staudt');
insert into Playlist (PlaylistID, SpotifyID, Description, Name) values ('14CHCq54gHBEsqkSZtmpnmMowkZZ1bB8Wy', '1QKo7sKu6adQszZi38vAqTFZ1U4TuSNr6m', 'posuere cubilia curae duis faucibus accumsan odio curabitur convallis duis consequat dui nec nisi volutpat eleifend', 'Bulbostylis ciliatifolia (Elliott) Fernald');
insert into Playlist (PlaylistID, SpotifyID, Description, Name) values ('18X4n6xi6UcEnUAu9KUjqo9SyjuvR3JqWH', '1ABxecWnLkYfeVFt9Bdw4qJbkwWkAKFbXP', 'mattis nibh ligula nec sem duis aliquam convallis nunc proin at turpis a pede posuere nonummy integer', 'Fimbristylis globulosa (Retz.) Kunth');

insert into Vote (GuestID, PartyID, Valence, Danceability, Speechiness, Energy, Tempo) values (549, 1, 11, 707, 916, 964, 595);
insert into Vote (GuestID, PartyID, Valence, Danceability, Speechiness, Energy, Tempo) values (780, 2, 656, 958, 304, 340, 503);
insert into Vote (GuestID, PartyID, Valence, Danceability, Speechiness, Energy, Tempo) values (200, 3, 834, 691, 524, 422, 381);
insert into Vote (GuestID, PartyID, Valence, Danceability, Speechiness, Energy, Tempo) values (899, 4, 917, 251, 335, 538, 771);
insert into Vote (GuestID, PartyID, Valence, Danceability, Speechiness, Energy, Tempo) values (231, 5, 210, 643, 649, 452, 320);
insert into Vote (GuestID, PartyID, Valence, Danceability, Speechiness, Energy, Tempo) values (575, 6, 165, 632, 63, 582, 679);
insert into Vote (GuestID, PartyID, Valence, Danceability, Speechiness, Energy, Tempo) values (868, 7, 518, 10, 710, 898, 881);
insert into Vote (GuestID, PartyID, Valence, Danceability, Speechiness, Energy, Tempo) values (50, 8, 701, 739, 969, 770, 500);
insert into Vote (GuestID, PartyID, Valence, Danceability, Speechiness, Energy, Tempo) values (103, 9, 28, 857, 902, 534, 90);
insert into Vote (GuestID, PartyID, Valence, Danceability, Speechiness, Energy, Tempo) values (671, 10, 366, 64, 72, 563, 463);

SET SQL_MODE=@OLD_SQL_MODE;
SET FOREIGN_KEY_CHECKS=@OLD_FOREIGN_KEY_CHECKS;
SET UNIQUE_CHECKS=@OLD_UNIQUE_CHECKS;
